[
    {
        "script" : "열려있네.."
    },
    {
        "script" : "보통 과학실에 위험한 물건이 많은데..."
    },
    {
        "script" : "다 잠겨있네.. 열쇠.."
    },
    {
        "script" : "돌아다니면서 찾아봐야겠다.."
    },
    {
        "script" : "열렸다...!"
    },
    {
        "script" : "뭐야.. 딱히 쓸만한 건 없는 거 같은데"
    },
    {
        "script" : "[쇠로 만들어진 물품을 자를 수 있다.]"
    },
    {
        "script" : "쇠 절단기.. 쇠를 자를 수 있다.."
    },
    {
        "script" : "당연한 소리를 하고 있네.. "
    }
]
